{"cameraMode":{"drawMode":0,"name":"Shaded","section":"Shading Mode"},"sceneLighting":true,"audioPlay":false,"sceneViewState":{"m_AlwaysRefresh":false,"showFog":true,"showSkybox":true,"showFlares":true,"showImageEffects":true,"showParticleSystems":true,"showVisualEffectGraphs":true,"m_FxEnabled":true},"in2DMode":false,"pivot":{"x":10.329697608947754,"y":13.750242233276368,"z":-2.7028207778930666},"rotation":{"x":0.31796708703041079,"y":0.18248428404331208,"z":-0.06249162182211876,"w":0.9282974004745483},"size":1.6579608917236329,"orthographic":false}